,A,B,C,D
2000-01-01,1.4371962519767711,0.425417720764087,-0.2435382649964018,-0.24068236413778432
2000-01-02,0.46269071043768406,-0.4104806607860263,-1.0675655408677194,-0.632585658735204
2000-01-03,0.1938323012407454,0.384136592796563,0.5165716576578718,-0.8054023415144083
2000-01-04,-1.1418279492703303,1.159993653023492,2.0189176113878746,-0.7348973518323533
2000-01-05,-1.0490494902766154,1.7703827065390478,1.4827723329080866,-0.23469501718619812
2000-01-06,-0.7219228941677444,2.1841496034998107,3.1895598842876494,0.3952093196423161
2000-01-07,-0.07970187381925853,1.8587751922707583,3.67051100025026,1.078580697799345
2000-01-08,-1.6635943780819789,0.932389422613727,3.6222015185312086,1.3324903170326778
2000-01-09,-0.18474090019964828,0.6129545060757599,4.2731300561078385,1.9976332401978176
2000-01-10,0.8233504374753315,0.1449241673432608,4.7843298153372125,2.469318344236047
2000-01-11,-1.6081678298025714,0.17244459309470656,3.0838499965592714,3.8789814969655616
2000-01-12,-0.36255371865815933,1.6075506651753617,1.696242306883251,3.999931986693666
2000-01-13,0.5868929648906525,-0.053385805784235796,3.0026696488220823,3.720740318669677
2000-01-14,0.5694129122918032,1.6510510946820147,2.5633034048598846,0.8285980195585712
2000-01-15,0.04204577857572678,1.3209050512468563,3.299562343338394,0.2484651444889009
2000-01-16,0.07676451948364352,0.7415309113174403,4.018010322734644,-1.5071052558702616
2000-01-17,-0.6915490955316812,0.5070633735512182,4.986410903275666,-4.023992183783412
2000-01-18,1.921970329720055,0.46067949389096646,3.2717699358770487,-5.0255439886684385
2000-01-19,1.0871051453136125,0.2672719280139165,2.5354396066630693,-6.056669083295455
2000-01-20,1.751086756930462,0.2720177611457571,3.839322455455864,-6.097116584805944
2000-01-21,2.272132732196762,1.3558698704296652,4.469202718733357,-5.914503011273252
2000-01-22,2.0956836145998143,0.48373644058079823,4.97209689890375,-6.326701746714085
2000-01-23,1.9342593431463984,2.0677843089352326,6.396041750876654,-6.869010342190564
2000-01-24,2.032862510608156,1.6195334048435104,5.38603834527221,-6.236300489615495
2000-01-25,2.0824123806268195,2.032604209180337,7.0566950860690945,-5.010097518507232
2000-01-26,1.005710111542752,1.025383224270156,7.877557235207133,-5.388886095603483
2000-01-27,0.751414294185524,1.1201445444525477,7.068869907212107,-4.910843031991769
2000-01-28,2.459950341090016,1.100870677752271,7.65489310754577,-4.7439863141428065
2000-01-29,1.6959415066980856,0.7922934129218593,9.286428492318096,-4.679501789683034
2000-01-30,0.9331678330450089,1.1053471457973503,9.928089963707555,-4.574394238582404
2000-01-31,1.7427595259671946,1.3299081437614653,8.603104717024145,-5.165948290704458
2000-02-01,3.3584557290098744,1.7910964371718618,9.4266750977124,-3.1887959096617546
2000-02-02,2.5908615359343266,0.8555060090206313,10.801794001475287,-4.197482390495027
2000-02-03,4.059410097666328,-0.29199302576664443,9.809361798648752,-3.8159416567256628
2000-02-04,4.616423043996168,-0.040960122341627714,9.130732576850805,-3.5531762323990734
2000-02-05,3.527605145681275,1.1015131207425433,9.711532521664964,-4.513906138010809
2000-02-06,4.039399509351457,2.987549619603794,10.886164576149824,-2.848835407229039
2000-02-07,3.9896484109365695,1.5425413244710453,11.548910187052572,-3.0708774331115314
2000-02-08,5.243754171346974,1.6347526375896684,11.287035635641068,-5.180154725127062
2000-02-09,5.3655576663624975,1.1371661186738922,12.610543927136455,-3.4532442451590386
2000-02-10,4.945059071427279,1.4304208972876538,12.912678318453725,-4.980259599814808
2000-02-11,4.994572353707704,2.1361616247520168,12.861215056217356,-4.283888153434754
2000-02-12,4.780727804093993,2.643475726718262,12.44228488456444,-4.566962800924334
2000-02-13,3.6762014148918407,2.704646064608332,12.272566051797988,-5.4668014753564185
2000-02-14,2.8958500911442115,1.5592177334460677,13.866627972644476,-4.7081753893468505
2000-02-15,3.5184847213335364,0.9443237607336753,13.986949970176088,-4.108439777507138
2000-02-16,2.383827552169695,1.6496676383021025,12.743918616877979,-5.772553190232264
2000-02-17,2.377194453622881,1.9033568773365015,13.060344490244333,-6.859379044905838
2000-02-18,0.6827457084150339,1.3629894756313408,12.722552299190436,-7.698695877754063
2000-02-19,0.7175794861271753,1.169089135172863,10.999771297452439,-5.988326457375298
2000-02-20,0.6729359529842156,1.6886247044627816,10.988892632105953,-6.301731490353683
2000-02-21,0.9804620673898141,2.706967803072678,10.386094908744923,-6.218317087068799
2000-02-22,0.9990745856786333,3.049088879765012,9.431286060277227,-5.52488635013228
2000-02-23,1.0877233468289416,2.3243996642233133,11.10825603746493,-5.577094187873189
2000-02-24,0.5951335470598693,2.0843229948966986,12.19776794121447,-6.055481922000346
2000-02-25,0.8072154066798756,3.5716403760632276,11.597462132798844,-4.611693501009611
2000-02-26,1.7198741017379238,2.8065726485784324,10.066410687589153,-5.260848939272264
2000-02-27,1.5920484306233968,1.7787559419873489,10.075400066278416,-3.3887356677092173
2000-02-28,1.6753215229929737,1.9210806792071162,9.332079107812442,-2.8319952774541006
2000-02-29,0.08664155945441743,-0.009179553657578277,9.761836926743397,-2.2571888782300977
2000-03-01,0.25911848361992984,-1.361146222136021,9.37210147012059,-3.3539396522535965
2000-03-02,-0.08237312827673993,-1.2067048881092741,8.085807793884968,-2.3276964602430628
2000-03-03,-1.1761508002295762,-0.21024705863034931,6.370227883024471,-1.2824880718830878
2000-03-04,-2.016093158159595,-0.5993816390662815,6.347273760104593,-2.081380911780948
2000-03-05,-0.8571811878520492,-0.7445278113127374,6.994864573340404,-2.2441782463158484
2000-03-06,0.9299737739923446,-1.894507485992315,7.439569219709899,-4.987975702810881
2000-03-07,1.4318916194277027,-1.6342335135119888,7.095414086255444,-6.0759053060908865
2000-03-08,-0.4922127172781676,-0.33546140869346885,7.656113797161836,-6.93922609277743
2000-03-09,-0.7848401914978096,-1.5405682091983828,8.63741793721893,-6.421725607688856
2000-03-10,-0.9375856719258611,0.4120879136179485,10.546258076351345,-6.7094136600495515
2000-03-11,-1.4834724820178093,0.9155314930053864,10.30501154241941,-8.047492796681626
2000-03-12,-1.1407004511603707,1.1807587273890927,12.055334113504745,-5.4417055115439705
2000-03-13,-1.379669836016702,2.2333850006618174,12.30835428810005,-6.663566085295033
2000-03-14,-2.395328762931067,2.76006183192862,13.142227385971367,-6.043841768463849
2000-03-15,-2.9823624743796575,5.144624066652307,13.201391856225086,-6.641344694502308
2000-03-16,-2.6776301682666306,6.267742150839116,13.041686066073222,-8.741806848389803
2000-03-17,-2.0508094926772613,6.984153620552808,11.531511463186602,-8.108742060654917
2000-03-18,-0.9200986212910511,7.531215398012547,10.942018640524083,-8.87670123856631
2000-03-19,-1.8438462018774504,8.920413695044541,11.699162981600717,-9.27161244197845
2000-03-20,-1.7518441659022281,8.50544099119962,13.37224779375999,-10.509709656263267
2000-03-21,-1.207883904592755,7.262910779762567,14.086889752040415,-11.308017881432868
2000-03-22,-2.6475131234408362,7.080346730211269,13.54287382040404,-10.934322254024769
2000-03-23,-3.0803906996460246,6.949129839098212,13.454261440318142,-10.43873250264481
2000-03-24,-2.578383272117397,7.654333077273605,12.58965869320873,-11.064007225363408
2000-03-25,-2.600018463931268,6.683883953445108,13.078146080881407,-11.180864661998761
2000-03-26,-1.5834627491346005,7.433147424345011,12.249046607885216,-9.577298601628742
2000-03-27,-2.402815979154015,7.670400838024577,13.013329158466052,-8.080702759739953
2000-03-28,-2.608651199396523,9.812260446431221,12.373473484790038,-8.511031360643056
2000-03-29,-3.652893788982494,9.472690227007087,11.695291817428203,-9.36766943113794
2000-03-30,-2.7968675425801566,10.051350875681944,12.107432761971094,-10.056094451781805
2000-03-31,-2.579811646529071,8.805984221982316,12.157186764955604,-9.4913556581544
2000-04-01,-1.124197190790288,9.6721613965075,12.437634263675147,-9.164024794112244
2000-04-02,-0.9767914509165256,8.91534458235503,12.852466061685886,-8.445922416877801
2000-04-03,-2.3105510742893642,8.795332215089463,13.262229995071715,-7.801914284586005
2000-04-04,-1.5262140536874171,9.157991091668796,12.916623356958155,-6.122668537003202
2000-04-05,-2.2873705228904773,8.297958057002315,11.67929129832643,-7.626796302189867
2000-04-06,-2.502142336579043,8.160275720852644,11.5733869400536,-9.570307343686846
2000-04-07,-1.6325036504844572,7.273543275223671,10.59180725673146,-9.940114712710615
2000-04-08,-1.3540146722106938,9.142952807745369,9.370511849664808,-11.887396641003015
2000-04-09,0.3962276807623768,9.477697023203808,10.21568503835519,-13.169479153332807
2000-04-10,-1.6591414951946444,8.63115825528538,9.992621316818196,-13.35011691104179
2000-04-11,-1.4827788691850108,7.595804957513203,10.055288608886269,-12.473086412207865
2000-04-12,-0.4304289523823608,7.260606645809517,8.015417152663627,-12.332143461257951
2000-04-13,-2.187378795528509,8.457315360785318,6.381008365187263,-11.218886194365833
2000-04-14,-1.9407001511223636,11.160199814678132,6.3847512808860385,-10.541552442407136
2000-04-15,-1.5374642823105356,10.630682401673946,5.500445715352105,-9.811948035568857
2000-04-16,-2.1258734727827484,11.088781768985665,6.673296331431727,-8.741209537753074
2000-04-17,-3.056197149775331,10.042002331823934,6.284589640049207,-9.63566281935466
2000-04-18,-1.7178147041604133,9.018574989291746,4.395124223808273,-9.083253416191992
2000-04-19,-1.599480394754203,7.440692804063674,4.8706649737599115,-8.580415379271379
2000-04-20,-1.1243936730600312,7.033269595805304,3.1745787996520587,-8.015200087139545
2000-04-21,-1.6489583299998545,6.14725056129143,1.8067822679947576,-9.360490913488258
2000-04-22,-2.3184531448056727,4.247981693264483,2.771872283424682,-7.234573436898729
2000-04-23,-2.1718251258372776,3.156789676578512,2.202629156523663,-6.92686722099457
2000-04-24,-1.1374351246192234,3.214350487865341,2.4090147280587204,-5.529005347951695
2000-04-25,-2.4828713012236543,3.640558950610395,0.320296676235309,-4.878684245186468
2000-04-26,-1.9022988540614727,4.059727039351876,0.534251810071373,-5.702448163016091
2000-04-27,-1.8489296364013244,4.5688431506041915,1.602851511384105,-3.641124725207343
2000-04-28,-2.4539926377660928,5.604154495000095,-0.04527273826777112,-2.077477319009855
2000-04-29,-2.6882269602711717,5.838187501885149,0.5551929603448303,-2.377496500041906
2000-04-30,-1.981236884513427,6.46677672668957,2.327423462869002,-1.4876969667497244
2000-05-01,-1.3281978898678992,6.367639255766734,3.400033497711201,-1.1711763268335589
2000-05-02,1.1153218348046186,6.0481676031224465,2.975111407962741,-1.5048763151778706
2000-05-03,-0.7545435285726452,4.996949275534009,5.216467952226302,-2.5730075192160085
2000-05-04,0.18457906207959962,4.790524892186543,6.092937051400364,-2.9193388790293566
2000-05-05,-1.5132984046548117,7.256708304397648,5.857786820886734,-2.552153600412801
2000-05-06,-3.15779910678276,8.062998462281202,5.564034883864551,-2.8123964441020477
2000-05-07,-2.3125281804790654,6.411228850359218,4.296375762903169,-1.9914801653836882
2000-05-08,-1.7675110271301886,5.775896913423393,4.170133831297907,-3.0293785173746963
2000-05-09,-1.169005034268184,6.348094350458667,4.112419341518866,-4.397336034728772
2000-05-10,-1.8037981078779766,6.272925432469386,5.208782555616233,-5.548808266330534
2000-05-11,-1.417374366763306,7.065469600308305,4.7013250619317315,-6.900109819881581
2000-05-12,-2.4623095459480995,7.182641961622642,3.7531858253724204,-7.688666136740043
2000-05-13,-0.8583311489033596,7.0175219910475555,4.068768759864119,-9.062221776948038
2000-05-14,-0.9223970531656157,8.085061360904179,2.7590827412179157,-9.173309000974411
2000-05-15,-0.07546275349116582,7.658477633444095,2.997039888587302,-10.959872027970592
2000-05-16,-0.10841310824526434,6.23947534071676,1.6505203406921913,-10.172155761087062
2000-05-17,0.029321236114059596,5.641012746049054,1.2938525238934369,-9.594692744574377
2000-05-18,-1.1044002238572583,6.069373835481859,1.3275232423268253,-8.3682375626381
2000-05-19,-1.2837646398514324,4.802798803527784,1.7694647648745332,-7.260595345834963
2000-05-20,-1.0994595183441704,3.338092425786712,1.0037737664644188,-7.6334596281362295
2000-05-21,-2.084941347242111,2.809405388626626,1.5930152859102507,-7.4007528726539205
2000-05-22,-1.504946570376258,3.497986202040524,2.1318174584747647,-8.317440939236844
2000-05-23,-2.4807438697493502,4.957475194024949,0.37092571886812586,-7.469745097493893
2000-05-24,-1.9147406639523192,4.0519853083512105,-0.7972281214595409,-6.89927723337815
2000-05-25,-3.758252668445948,2.5592018817074225,-1.925100582471888,-6.484037850062994
2000-05-26,-4.290408251462203,2.8407967038276842,-1.7803654940597473,-6.729507861558358
2000-05-27,-3.860713423164122,2.8153427696268905,-2.6140821913632157,-5.621909314766993
2000-05-28,-4.579223833314075,3.047098407030336,-1.3871919292795645,-5.9862541999040335
2000-05-29,-3.8596723583935675,2.5199766427499095,-1.010057180104746,-5.713870692301778
2000-05-30,-5.597684139471111,3.4196187903398725,-0.7405017226550823,-6.66353237813148
2000-05-31,-5.221992811034526,2.645580810129792,-1.8114562340444995,-5.636416252823891
2000-06-01,-7.979040130715505,1.9584185866514021,-3.9604507572776178,-5.987938918054952
2000-06-02,-8.084594106729314,0.7302951909914284,-5.193041297600803,-6.187533756468413
2000-06-03,-6.463768782997548,1.2957323796377869,-4.464976866257313,-7.8837212151217555
2000-06-04,-5.973054201698087,1.6943616748923034,-4.477626368532542,-8.112815139509562
2000-06-05,-6.740847435090249,0.7949679752620975,-5.25427947864926,-8.156980558871703
2000-06-06,-7.717466537250819,1.0381781951444147,-5.828904006058217,-6.712242864134057
2000-06-07,-9.040283059343869,1.0684684172078014,-5.437020702892847,-5.449204577477968
2000-06-08,-9.292203311075236,0.49908533276604283,-6.504577571685877,-4.705366273533039
2000-06-09,-7.764717932519036,0.935486887809231,-5.7913442433080675,-4.66188944989334
2000-06-10,-6.463889634921465,2.055806335550582,-2.4227081391127205,-3.1579550983637423
2000-06-11,-6.272567242248774,2.920771747217081,-1.9467978527953658,-1.8381104593844653
2000-06-12,-5.979310948135509,3.48320308695063,-2.547592249854233,-1.4188736016653634
2000-06-13,-5.825189658544136,4.309309921876583,-2.4504872336389742,-2.05654345468835
2000-06-14,-5.598817566100998,2.8132287414459065,-2.099580459911062,-1.449991118454193
2000-06-15,-6.430944715610039,0.656634163759025,-0.6351198947073102,-0.4891763222453376
2000-06-16,-5.652949238186978,-2.094526357748965,2.4367800721027253,-0.14443532345872234
2000-06-17,-4.787010851984984,-0.859091003762041,3.3635226341652835,-0.3464377518514072
2000-06-18,-5.946579023915113,-0.9975948355133808,4.064784668391049,-1.421119929401316
2000-06-19,-4.446734277876174,-0.7650063483081033,4.369744355596705,-1.3615848807448678
2000-06-20,-3.851360782295618,0.6060753227867042,4.806959854140946,-1.518256832567128
2000-06-21,-3.2013093801781083,0.055424025357537876,4.909267670313236,-2.388540509581956
2000-06-22,-4.017685050040621,-0.20652205866394113,6.9321107071768315,-3.6499475001743744
2000-06-23,-2.6470563156829927,0.8953175086332752,6.817879298190882,-2.6309448223888516
2000-06-24,-2.3878351801923623,0.5000025582352889,6.458887672264569,-3.379564882412854
2000-06-25,-1.50074793802224,0.16076468485925588,6.682327006400474,-3.7118709147808238
2000-06-26,-0.7868611339921855,-0.9054836442188741,6.74051106892639,-2.921129286207651
2000-06-27,-1.2058227841524294,-0.09694614147724367,6.088113585662953,-3.3967310801252792
2000-06-28,-1.363335660291057,-1.0389437520358062,6.175227313434439,-2.084470741829832
2000-06-29,-0.2043640978974337,-1.2497366010535886,5.970348530780107,-0.886493367755748
2000-06-30,-1.3542234488745506,-1.4188461991228818,6.834283880035827,-0.8818088430585305
2000-07-01,-1.5448261186758385,-1.8980238161053493,6.553742471794812,-0.2619646295252622
2000-07-02,-0.9221809239726114,-4.205837866887357,6.818688072459454,-0.25895079131619925
2000-07-03,0.162894257413703,-5.185887839381391,5.5398426687600795,-0.20662380147335113
2000-07-04,1.113144450394941,-5.455453270236054,5.53055868588086,-0.005688846049329066
2000-07-05,2.208699838417333,-4.2868470051420156,6.128707237715971,-1.3350026132338568
2000-07-06,0.8862972907354454,-4.239923559051102,5.943311423981707,0.7202801103814909
2000-07-07,1.0080569759568683,-4.062928790488901,5.896979763763852,0.05015506764679545
2000-07-08,1.2330135053113644,-4.070015674643087,5.483704245905185,-0.5523490997214876
2000-07-09,-0.013595305890617526,-3.811564935301425,5.959684840800099,-2.2995320783115414
2000-07-10,0.760417464411868,-3.087584932815508,5.096843834693356,-2.8526925223949573
2000-07-11,0.072809065094259,-1.837970004511673,3.4167102747756743,-3.977098885670382
2000-07-12,0.8329270650378253,-0.6631535731006779,3.5960995936085305,-4.731960064220721
2000-07-13,-0.057999078497708245,-2.546505945310618,3.2378990800501426,-4.604225749288052
2000-07-14,-1.839609398760323,-2.8305458324092254,2.0980711076629106,-3.572433282161267
2000-07-15,-0.199172428574226,-2.464216750443888,1.5205774835457595,-4.0008867574991696
2000-07-16,0.8814235521231262,-1.8687256108897432,1.1421152533118772,-4.022797683321122
2000-07-17,-1.282260803158969,-0.7841598975869128,-1.0927998658416396,-3.7491303645693885
2000-07-18,-1.3511881345311354,-1.821228794921007,-1.0431389806188092,-2.50427029277403
2000-07-19,0.4531911285500756,-2.0900910079823363,-2.6653773376239016,-2.6403148614059013
2000-07-20,0.38069390640069745,-2.4663459812655852,-2.9669253762129366,-2.892565909696713
2000-07-21,-0.7630815125395166,-0.9291441396113715,-2.054278221369177,-1.337766579488424
2000-07-22,-0.8125054272895387,-1.4308812782577327,-2.02514739970985,0.006045754983885709
2000-07-23,-0.8728808782965712,-0.2920518284512885,-0.5979321275289617,0.9316490559223992
2000-07-24,0.13634667282802992,0.787548909794229,0.18254691844109106,0.7318232972270555
2000-07-25,0.18807361499068864,0.9857919692045584,1.866832737215657,-0.3165819805588337
2000-07-26,0.5815622870967061,-0.4481153262645011,2.9311139339576764,-1.1246941336487786
2000-07-27,0.5305191335020099,-1.805687316630725,3.448298233904925,-2.3443580520375216
2000-07-28,1.1195090005505046,-2.9798613389791786,3.720156057010624,-1.2426760519890387
2000-07-29,0.39802490194904827,-1.9889799586632473,4.481348842157642,-1.9514637775785897
2000-07-30,-1.2060772988164723,-1.6103105733165657,4.01191880157768,-1.4736754957757603
2000-07-31,-0.08444871638166762,-2.902653321635261,4.0253368927174975,-0.5945861050125367
2000-08-01,0.527151372294401,-2.567882955083131,3.1148087305305006,0.16642878021836638
2000-08-02,-0.19196289027644076,-2.0203752650956948,2.0706577247175444,0.6418067076677261
2000-08-03,0.38427000106364984,-2.5203832821708563,2.841273091950712,-0.7953429915122983
2000-08-04,2.3743427019145593,-5.503142747095122,3.9954829852202556,-1.2295526685202738
2000-08-05,2.9974826460161133,-4.067633078706606,4.222052356913391,-1.8229915906012657
2000-08-06,3.206242260537585,-1.0160142410027873,4.107636820671298,-2.237106145778391
2000-08-07,4.32203176838392,-1.0414783443951747,4.414083070188278,-2.5833725248069577
2000-08-08,5.277818897835939,-1.8355072157447863,4.038571209082761,-1.3620771417070414
2000-08-09,4.077226606232432,-2.4955641798567734,3.2194158148739422,-0.22837409505474038
2000-08-10,3.8915557065985973,-2.3333611169782054,2.739556931978208,0.12877699631678607
2000-08-11,3.659315093884483,-2.273548298381563,2.534010533072774,0.44971396773010286
2000-08-12,5.039952748351494,-0.2506804061090726,2.2591664327040952,-0.6440305441549173
2000-08-13,4.457037080863705,-0.7550410532182927,2.2285202760290184,-0.6490908026225177
2000-08-14,3.3322033125139647,-1.0434481909941067,1.6616158597229918,-1.0173929999737645
2000-08-15,4.139575110425325,-1.7808245111816485,1.6446612443237798,0.9625919998527581
2000-08-16,4.75710946981843,-1.8498349830191194,2.3772834649949024,0.8809314346662843
2000-08-17,2.296584597275464,-1.8047449028977987,2.5806544262461935,-0.07827839537958892
2000-08-18,1.8354687590341816,-0.8660846706967156,1.9346218210917576,1.1484605059695678
2000-08-19,0.2186256861553897,-0.5877995060762542,1.9351872244899102,1.6328372585927555
2000-08-20,-2.0009959582758796,-0.05866000270807914,0.42320427632547664,1.264687913659347
2000-08-21,-2.3506084256208606,0.35992077486202684,-0.005402537034951693,2.1772347855795626
2000-08-22,-2.841982878754099,0.6064069501265548,0.04236292770231677,1.3657925307413046
2000-08-23,-2.944372799365299,0.4243898597980042,-0.42632146397103304,1.3523381781207355
2000-08-24,-4.172497381363989,0.03698693415671378,-2.4110890963166067,2.862505670316305
2000-08-25,-3.4022621317853963,-1.6250641667163184,-3.4118139971575543,3.1264498543327073
2000-08-26,-3.0193036287903063,-1.5047187125216386,-1.5946077524371005,3.3141024955281426
2000-08-27,-1.9673851868353658,-1.3797139185483294,-1.1745069844183755,2.454175462025632
2000-08-28,-0.858673962622978,-4.9219437714751555,-2.770737560232002,2.2470128066593076
2000-08-29,-1.1092697495036827,-5.187963652353618,-3.6940916828824832,2.196132045105046
2000-08-30,-1.1963857012764818,-3.8552569176454847,-4.950921690403044,2.3313125637818337
2000-08-31,-1.9763836962805421,-2.9026278939871144,-5.57289883399542,2.3757073641297435
2000-09-01,-2.6811558464364222,-2.5118458414243823,-5.399264774548191,1.291431720677216
2000-09-02,-2.631404412457069,-3.661699850996441,-6.332264881740398,2.3889348806273736
2000-09-03,-3.4043253058710534,-4.34097404873012,-8.526713166706946,3.590543252340173
2000-09-04,-2.8378088634557113,-3.9810480541981565,-9.578161681037333,2.5086867008388687
2000-09-05,-3.837164163530057,-3.7680048345832264,-9.411840678064003,1.8715492524141069
2000-09-06,-2.512600629560959,-4.009000427276794,-9.811454155632719,1.4878470655529203
2000-09-07,-2.22812252170731,-4.330647920544197,-9.358817688496147,1.4987462226833985
2000-09-08,-1.9811678924454557,-5.394816655002117,-8.52385565770135,0.5595625507115666
2000-09-09,-1.0702368977411572,-6.545793716920537,-9.673203633030747,-0.23155628420121777
2000-09-10,-1.4008082636146861,-6.631454499584699,-9.731622768000577,-0.7318292528751806
2000-09-11,-3.411603623793225,-7.474452837591571,-10.155966406561122,-0.5020187905976518
2000-09-12,-2.8784739300225635,-9.10272840252932,-10.177007291956473,-1.8156145090964881
2000-09-13,-1.8241130342026808,-8.913521028127391,-9.222897049453941,-0.2582039736664783
2000-09-14,-0.5806282927138886,-9.2206427686796,-9.229112537140852,-0.8779822991552311
2000-09-15,-1.7542190862142413,-10.021726757429906,-9.305143867617442,-1.418870444463116
2000-09-16,-0.3244611500195953,-9.770815324620735,-11.025398238481559,-0.8916269286669133
2000-09-17,-0.7265082409848558,-9.787050570177323,-11.5530751118075,-1.7928334240341965
2000-09-18,-0.6527374576500488,-9.697419037721964,-11.07737889717411,-1.1234958186620598
2000-09-19,-0.20491430633932228,-10.334354985127211,-11.841748950436738,-2.129826456511548
2000-09-20,-1.1506561790871346,-10.996318537316427,-12.563080810244369,-2.5194460734210775
2000-09-21,-2.444616620895916,-11.38863607833842,-14.59576947531008,-3.4376459268987314
2000-09-22,-0.8982185179450402,-9.849171238385782,-14.435642196098648,-2.7938192163908964
2000-09-23,-0.7004318534308664,-8.843273986175229,-14.460763210911463,-3.0579390193624456
2000-09-24,-1.9990829541733464,-8.19426150687714,-16.565883349897526,-2.9967132650685833
2000-09-25,-1.9609131123495323,-8.41867327817818,-14.676478892293941,-3.831077333426866
2000-09-26,-3.1386000606052864,-8.236402856890026,-15.05471026872219,-3.526576145068599
2000-09-27,-3.2937174153737416,-9.167104671579882,-16.756263302066948,-1.5521033228788714
2000-09-28,-2.154342208353887,-10.577348968537704,-16.33738502617474,-2.1155717511792136
2000-09-29,-1.7261322662033725,-10.442127023767942,-16.46004985974989,-1.283366024190709
2000-09-30,-0.10723933054623358,-10.297112942841284,-15.795670660592753,-0.366428681104217
2000-10-01,-0.4291789310897382,-11.762948607570946,-14.316427645050512,-0.5390318137539758
2000-10-02,1.2003831732303778,-10.323557744223436,-14.559998722367869,-0.9816421698794281
2000-10-03,0.6534579912431173,-9.564511442663495,-15.417044085529787,-1.2110944124378467
2000-10-04,0.9545919349323566,-9.02879478725134,-16.189093378384307,0.011474510268087101
2000-10-05,0.6073526693039091,-9.009122946972644,-15.472913094365714,1.564900177403765
2000-10-06,0.3361093704003095,-9.78008960398126,-13.91307542099541,0.6977350563987227
2000-10-07,0.5452104904603214,-8.85483753784779,-13.454545616603758,1.1849932543469504
2000-10-08,0.5584712602571511,-11.880767930594711,-11.633148639556923,0.9513770530345056
2000-10-09,2.2856375279719803,-11.204305436036814,-11.058490609014251,-0.9923272417065321
2000-10-10,3.933694134532826,-10.339638039842194,-10.946317806957138,-0.16226251203636644
2000-10-11,5.941399289909865,-12.181687895747922,-10.96366321631193,-0.2918362828859721
2000-10-12,4.889956757624067,-13.240651031171108,-10.232854131657488,-0.6178274666370318
2000-10-13,3.529807566947013,-11.85601926886126,-10.613402179364007,-0.7178260055380794
2000-10-14,3.76797505679359,-12.31254464354719,-11.45406769415206,-0.17290424771901358
2000-10-15,2.5096127131009958,-14.205233115190957,-11.041696513425395,-0.2461092459877991
2000-10-16,3.018521270515736,-14.370450188922185,-10.89075880675478,0.9280874470469385
2000-10-17,3.8599540849195098,-15.936806743785432,-10.154062959305747,-0.22320833161150366
2000-10-18,3.515310791190526,-16.04313851058462,-10.787428421597474,-1.257459073266567
2000-10-19,2.7526809299667185,-15.12022446828008,-11.656834920238929,0.044400218500622035
2000-10-20,2.6864912672445036,-16.46864445851012,-10.374948552226847,-1.432135357643543
2000-10-21,1.7945971578260491,-16.334062144981726,-11.003281502355655,-1.6892767125834853
2000-10-22,1.1809010403899642,-16.584419378469747,-11.168593491694638,-2.8035258536935377
2000-10-23,0.4221104892795493,-16.581076525843375,-10.692845530808306,-3.069817106170114
2000-10-24,1.7641165129791812,-16.861844070669296,-8.955379231865791,-1.3978538025742075
2000-10-25,-0.5288879851003088,-15.59518902877615,-8.391599708427405,-1.5250700645122788
2000-10-26,-0.22819463337685886,-17.815166388284794,-7.1925230247379055,-1.7296624380695738
2000-10-27,-0.4610602120291354,-18.85433677213999,-5.625911077856294,-1.10385531926449
2000-10-28,-0.5174731176123359,-17.2560796069867,-6.471418049259679,-1.1684241690786092
2000-10-29,0.030506019413193974,-17.480170066210107,-7.381278693152918,-1.1160702073500683
2000-10-30,0.07496231890650984,-17.765885001464042,-8.80648152498307,-1.3147122674846883
2000-10-31,-0.03661728517512439,-18.609845395736855,-6.691343296560645,-2.314388690343311
2000-11-01,1.5258508671484856,-17.51233065157041,-7.8097262753034595,-1.9789412364617167
2000-11-02,2.0977860784268016,-18.967069915649503,-7.096890104188998,-0.8879703403780626
2000-11-03,4.34031046812486,-18.587545336491246,-5.362728367428806,-1.3208854989898802
2000-11-04,4.331538681344479,-18.794855912372313,-5.7759977263202105,-0.3994494106882036
2000-11-05,5.095510419360317,-19.811043408175244,-6.738462761670206,0.028694874860176245
2000-11-06,3.3594119340166726,-20.970714552926626,-7.284280951945709,-0.12351987130695682
2000-11-07,3.9643759932024736,-21.323588922952727,-7.143251696662691,0.16799244673256788
2000-11-08,2.8603233149161635,-20.643905101733626,-6.7314398979500325,-0.1350410795175294
2000-11-09,2.33004625808963,-21.00269025199419,-6.038975455470837,1.637207104350728
2000-11-10,2.7002122571872147,-21.1596686192422,-5.318204411650008,-0.5310158985721058
2000-11-11,2.486774086930946,-20.919828925352554,-5.646350729057995,0.0037956985537732635
2000-11-12,4.098970424199512,-21.012733812060137,-5.42809118894351,0.07699873186633292
2000-11-13,5.433517691551977,-21.404369631814596,-5.392222804978189,-1.0281048751916873
2000-11-14,4.124712578811852,-21.52264354445617,-5.240088542898092,-1.4960752293012767
2000-11-15,5.106787487676668,-22.322407504480594,-4.2642759599354765,-3.9721854906621896
2000-11-16,5.817432876537257,-20.826439826658316,-4.859257532711416,-5.937933900466209
2000-11-17,5.722094518665715,-19.64815723053649,-4.900497068327315,-5.43095773745698
2000-11-18,4.73657074683724,-19.186192890850045,-4.525459594600101,-5.561548572521705
2000-11-19,3.647036487334887,-18.102300497685036,-4.688089649741522,-3.975727040957702
2000-11-20,3.5856125897053786,-17.661480765993343,-3.2077967356501738,-2.4078073994308333
2000-11-21,4.607257250232932,-16.488187885942548,-4.2084032348539155,-2.3583667088636147
2000-11-22,3.7210981504191007,-15.974529805005659,-5.468826215075051,-2.2339509347676483
2000-11-23,3.39617729385718,-14.00160812521157,-6.070351195227962,-2.6103907112576867
2000-11-24,3.6674426055249616,-15.682827643074276,-7.1665997048068695,-3.867431239105039
2000-11-25,3.9474551817833707,-16.426284878541182,-5.935790241587085,-3.8192479160723187
2000-11-26,3.319858207687392,-17.13291144087011,-5.759196237986114,-4.235424895774776
2000-11-27,2.5601788220528587,-15.96725810106524,-5.599209346503721,-1.6234168649095708
2000-11-28,1.4380117520842886,-14.915442776510513,-4.713733388184865,-1.6667011980518702
2000-11-29,0.24961831144485158,-13.939186475774198,-6.32100061790031,-1.705803156478708
2000-11-30,1.0561310876925416,-13.964846440672558,-5.56152587833416,-1.8802347718907388
2000-12-01,1.1967141934058299,-12.739378690676785,-5.982931807615896,-1.5093507930858512
2000-12-02,1.8565347490925004,-13.309834452454304,-5.439056498311997,-1.3160064611105664
2000-12-03,2.899238868843991,-11.75721433083083,-4.548384398130861,-1.3213988638239118
2000-12-04,3.3847172391970783,-11.61202589300874,-1.9997599733138074,-2.8483773615391703
2000-12-05,4.059697981814122,-11.007201206931038,-1.481914061139605,-3.1124304226012454
2000-12-06,2.3106825877641475,-9.904283969876321,-0.2335536423277722,-2.0620581911775235
2000-12-07,1.1686653832280267,-11.11995115877791,-1.2390488672988216,-3.1081583717132713
2000-12-08,2.0810844675014115,-12.561178680949222,-0.8722171758200313,-4.015609358464945
2000-12-09,1.9079415357651113,-12.932020995344411,-1.4607455700395025,-3.1933594839025687
2000-12-10,2.351811664594739,-13.019347844607015,-1.0040647788057588,-3.1606824658074975
2000-12-11,3.865474599962485,-13.069307617824393,-0.6492544090898862,-2.424452127153887
2000-12-12,4.172607857970318,-14.016287520023802,0.30216060861383354,-4.343741889081648
2000-12-13,4.866176800275216,-12.191574738920817,0.003764908339873363,-3.9007421176032837
2000-12-14,5.1154830662584185,-11.943392019041125,-1.552386784108403,-3.8763365380238994
2000-12-15,4.0026662682921845,-11.668472955791879,-2.611757517326878,-2.7138019188986306
2000-12-16,3.041807658671067,-12.523865464903405,-0.8725097680094998,-4.475422312770164
2000-12-17,4.014590275110383,-11.268299871670582,-2.2970039350098084,-4.872558997161637
2000-12-18,4.211669601991788,-12.66441900643573,-2.0906630411226774,-4.588266946893472
2000-12-19,6.1198289992783526,-14.323201851576659,-2.352992150909336,-4.154640479939541
2000-12-20,6.806920218373177,-12.858055869899275,-3.6393196214762416,-3.8331567810108735
2000-12-21,7.784349479011207,-11.23481262043621,-4.492677064164557,-3.4334186383420464
2000-12-22,7.154048016294225,-11.629285201587432,-4.884063247029801,-2.29111603079558
2000-12-23,6.533166609197481,-13.782801412097841,-5.953522019560665,-3.1390014643778335
2000-12-24,6.7655628272018555,-13.311488723941187,-4.6744362334335,-2.4080636278770426
2000-12-25,7.986137289667671,-12.207564157722285,-4.548283833546393,-1.6163281581558966
2000-12-26,7.43360588979716,-11.998711231961718,-5.547649234014211,-1.2401017650115171
2000-12-27,5.82097677197763,-13.014557485090586,-6.127218215190513,-1.2304823014016175
2000-12-28,5.318211198817416,-10.222232937387249,-4.266134261240133,-1.0952295843332065
2000-12-29,5.740760036372141,-11.196401446651592,-2.283259889251164,-2.1951166392626114
2000-12-30,5.883522819265869,-11.706071747889695,-1.9622209416239431,-4.591420664232882
2000-12-31,4.864891639632205,-12.788407266987987,-4.049160756723672,-4.739095460581649
2001-01-01,4.651690454473781,-11.291336130821485,-2.817028043684849,-4.0358516657801395
2001-01-02,3.9618283643376673,-12.90579989426574,-2.1271618558200434,-4.794929100899535
2001-01-03,4.899131556864459,-13.347303963814975,-0.7378610964932975,-5.917561174359516
2001-01-04,5.136765674051322,-12.075862180996678,-0.7787516475114656,-6.889848057757829
2001-01-05,4.798151912187888,-11.97071923550293,-1.379194371218504,-5.161225833545471
2001-01-06,5.276355976148335,-11.402069342842067,-0.8620951803993706,-3.4026747311998484
2001-01-07,5.433392727700785,-12.467208103213428,-0.10445675506729724,-3.426815555614311
2001-01-08,5.300390827414707,-12.729039815853831,-0.8977233227627415,-3.003657376681061
2001-01-09,6.960386698575556,-11.690434953933769,-0.07150672002061009,-1.6631069939261682
2001-01-10,3.6511727656842026,-10.46176285855058,0.44898801816167866,-1.5521924597276233
2001-01-11,5.019583723476391,-9.83484475498525,-0.3062860345264742,-1.7745278749560762
2001-01-12,6.514118106963652,-9.303356697678623,-1.3174423319167423,-0.737630381030036
2001-01-13,6.0096621197978,-8.003400523594472,-2.150743502521226,0.3153085908891615
2001-01-14,6.191072935744985,-8.263630302362204,-3.4893518600560167,-0.214592513382441
2001-01-15,5.717017808474344,-8.424204291410284,-1.0910563273658265,2.069273818071731
2001-01-16,6.957008532958404,-8.187435424971481,0.5373181884756668,2.3440329373097666
2001-01-17,7.465863327812703,-7.33829602214773,0.7493631268503775,2.8600074520435577
2001-01-18,7.406969863709336,-8.44911934653616,1.2153123178098477,3.6210065422222413
2001-01-19,7.7933857291002635,-8.385712881011115,2.9615487909367175,2.566975072017671
2001-01-20,9.227496822754222,-7.8778874536562595,3.2589651537846276,3.6037806654313225
2001-01-21,8.948715658661056,-8.534154631733141,2.3210134975762458,5.353031914003653
2001-01-22,10.383795085198681,-8.442659665437313,2.7523043357213104,5.8624035945539985
2001-01-23,10.413761572760082,-8.816905244811233,0.27119946504375303,6.015702051636066
2001-01-24,10.92213017389221,-8.877777893532548,-0.7290588306679098,4.15343992351434
2001-01-25,12.644216696005454,-8.558389040151344,0.5081570230212145,3.7100504650610118
2001-01-26,11.534217427519858,-7.763005311775075,0.1933375359441934,3.2385316288875123
2001-01-27,11.393360747884786,-6.6085302923228335,0.29358773919253567,3.2451014391451265
2001-01-28,12.5054285527006,-8.040628752164533,1.3480080078087517,3.919580443632406
2001-01-29,11.303976269918033,-8.04143964311199,1.4279582723582573,3.859086175981811
2001-01-30,11.746665849746654,-8.460480912216802,2.655820626534143,5.953987061359347
2001-01-31,11.274362750010779,-9.263035297136772,2.85585433303208,5.75433826949317
2001-02-01,11.45324093533818,-9.13120925184462,1.2763891484926342,4.876596677128198
2001-02-02,12.18581979851827,-9.474176309995702,0.7223895048723409,5.391622129788325
2001-02-03,10.866045873064836,-10.523396566912014,0.14300657043305387,5.727853403455468
2001-02-04,11.477183657921687,-10.46197249742685,-0.503648186674846,5.208065367581719
2001-02-05,12.862923497658034,-9.713324092073325,0.005210536386810127,4.629302378582838
2001-02-06,13.28464110629577,-9.652078628611518,1.388767791626532,5.100680567409678
2001-02-07,14.646901426255015,-8.825476370287657,2.543350258310203,5.312385795961205
2001-02-08,14.62760136284293,-8.672606275960892,2.608308138629979,5.733191659061082
2001-02-09,14.339344895988722,-9.953563045210462,3.175570126623697,5.437625798568574
2001-02-10,15.514575567190015,-8.629863185437088,2.838905196890965,5.502121540310788
2001-02-11,15.47310957573284,-9.082564837081081,1.7374184321956683,4.136740654380893
2001-02-12,13.8160025456356,-8.966284607724305,1.4217416093396293,2.5292649919247507
2001-02-13,13.578028995289255,-9.143584616280824,2.131063586783582,2.126341203209846
2001-02-14,14.782276588642901,-8.645841787800052,1.7993012604662562,1.0102902941657665
2001-02-15,17.121878974922108,-9.705049018969065,1.4879275917817392,1.523918171054245
2001-02-16,18.170808037124566,-10.449864109818058,3.1917199872456345,-0.4430407278873616
2001-02-17,17.335226608120838,-10.93077292855075,2.098354784058868,-0.2925785156458651
2001-02-18,16.86105092130616,-12.005705928688307,1.8463637367051697,1.3865058809494273
2001-02-19,16.84994737087455,-11.337784079348614,3.1461503884056823,1.789631605051242
2001-02-20,16.288074339412386,-11.15319697346408,1.9458619156701618,2.1453264509469734
2001-02-21,16.4542184787953,-8.853993254671902,4.995779407628717,1.1578948404519673
2001-02-22,16.175409201501004,-8.74894950964992,6.268291683160582,-2.0679036805421878
2001-02-23,16.578853567956436,-8.618964437330366,4.744830481169519,-0.9650273584300759
2001-02-24,17.283298458598782,-8.55268194129031,6.829249361799236,-1.7996091204579774
2001-02-25,17.884103747890542,-7.45423392368388,6.664431635252564,-1.4154312861797738
2001-02-26,19.93361210117194,-8.198810110121682,7.672801360714373,-1.6222202565977428
2001-02-27,18.788689217569928,-8.181032557085102,6.1524524310510555,-2.0846386461231403
2001-02-28,19.530390543539344,-7.007769218175862,7.228314027543727,-2.8224824788809384
2001-03-01,18.180758070419984,-8.298763626284497,6.748562942693732,-1.6610332918516326
2001-03-02,18.611173459577568,-9.977439002946777,6.16116076604175,-1.397429142641763
2001-03-03,18.763353766195905,-11.591337077760471,5.6344411846902736,-1.64593292539216
2001-03-04,17.74505652007063,-12.448668095922837,5.085722843889942,-1.7856435383616842
2001-03-05,18.268218474740923,-12.911621446424705,5.962553244678003,-0.38165779823783486
2001-03-06,18.443053721530635,-13.451692692360664,5.3098758531279415,-1.5097060004182365
2001-03-07,19.944649784471792,-13.034147701191625,4.663872932656105,-2.915729210657748
2001-03-08,19.69363656758785,-12.367400773027656,4.607104884244505,-1.4316370924847144
2001-03-09,19.32677065368663,-11.427076481172994,5.22142443448258,-0.821842889694818
2001-03-10,18.040623080758913,-11.60751371807108,5.4432461830390855,-1.8751646092982548
2001-03-11,18.63993159064127,-10.33206578987479,6.371729925478464,-0.8864343938227062
2001-03-12,20.035115301244648,-10.384400716824064,5.6498354052807525,-1.0117224088352121
2001-03-13,18.97112619739964,-11.150476567279146,4.73689727979942,-1.5538884786550833
2001-03-14,18.36980975840388,-11.37805555877077,3.3026146357594843,-1.4839401177577949
2001-03-15,17.953705296474,-10.28861220065675,3.4332835545822693,-0.5090868918617334
2001-03-16,18.41031900460891,-10.11396371528529,4.242761999264941,0.349766663524404
2001-03-17,16.882990045489116,-9.266394699969041,3.4247687434055134,0.5358208087618621
2001-03-18,16.403778246346462,-10.113707622051106,4.26157859394698,-0.056549867739993376
2001-03-19,18.465514392477395,-8.017676767001038,4.0942644365410485,-1.2134326941072315
2001-03-20,21.194499604112654,-9.177574834371343,4.642702876200703,-1.2527678384536922
2001-03-21,21.178197674320845,-9.40629233205154,3.9685085775525932,0.15132021233890747
2001-03-22,20.964299350089778,-10.253026730353376,5.771671944072401,0.17684440345386884
2001-03-23,20.664706798253167,-9.979425616036876,6.865083988458475,-0.26654752332102627
2001-03-24,21.603706233683383,-8.333314691573301,7.6644104726391165,0.6346780020886658
2001-03-25,21.57643144733981,-7.53708026816208,7.591564527098293,3.0027628743842065
2001-03-26,20.507458963456088,-6.953094470003864,8.077590001060196,3.5406678104900013
2001-03-27,21.113549062892073,-7.136800665908471,8.379456906605224,2.374702685691709
2001-03-28,21.203157779399024,-6.614119249150919,8.613951373890364,2.586283576559841
2001-03-29,19.51870232232878,-6.39433870017392,9.508675623089935,3.558295980110624
2001-03-30,22.714354181681358,-6.940860055723112,11.390908651339002,3.151509576181439
2001-03-31,25.65676445380471,-5.768713032215501,10.735801975449686,2.9200150065636974
2001-04-01,27.18310735393648,-6.098302949766778,11.177578433453137,3.1868250398586966
2001-04-02,26.59856187528902,-4.981551176847994,9.363776897277269,2.2061146793509354
2001-04-03,26.366381250931255,-4.245268307059343,8.887431040477246,2.4745512603384148
2001-04-04,25.7229299760441,-2.9613551164570757,8.41797697820137,2.429043573352761
2001-04-05,26.243097584906874,-1.7458987490421196,10.50632951253601,1.2678191103908856
2001-04-06,26.481497465551584,-3.796674260869402,10.960061226234732,3.255449164869558
2001-04-07,25.911479076782815,-3.24532284403512,11.547051285899368,4.365054278570087
2001-04-08,26.277562573465822,-5.3420299765216965,12.26368993570539,4.193293347298657
2001-04-09,26.079544409534645,-5.964654842409869,10.545350677219687,4.445997906278045
2001-04-10,25.892336883528326,-6.91690968550933,10.183928150567134,4.821891400348109
2001-04-11,25.761018303813046,-7.110893026150734,12.51291852798969,4.790525051197666
2001-04-12,26.26911542522033,-7.480878201136599,11.937337654407369,3.942086201689402
2001-04-13,24.96860790694437,-7.515846946234206,11.833412719895886,4.239256762616941
2001-04-14,23.81464251800439,-9.21502776567762,12.270132208351239,3.465311235560955
2001-04-15,24.464704898668284,-9.531032966135765,12.84499956618235,3.2774611093360315
2001-04-16,24.277936952023012,-10.526215436844186,13.001166490823806,2.9146708116695543
2001-04-17,23.02929797086515,-10.826511905852716,12.72446835306959,4.149555931710442
2001-04-18,22.912171792226108,-11.745301935561512,11.40406008048293,6.256785801651578
2001-04-19,24.19560235434736,-10.685217071042588,12.506213626988703,8.115607788483196
2001-04-20,24.593651548893398,-11.654534942361378,11.521889369294989,8.897810352131577
2001-04-21,24.940670065146854,-14.002896633620875,7.906134607009919,8.85042562200303
2001-04-22,26.471786307867372,-13.22460534116061,9.184109045082556,7.578319829183543
2001-04-23,27.173570730062522,-12.897056076564498,9.42279785495473,6.179332630903251
2001-04-24,27.2959005345633,-12.255682857558307,9.595066574354885,6.9917357410199
2001-04-25,27.707600235961756,-13.629072609965705,11.314922388630253,6.127412656044329
2001-04-26,26.767683304987806,-12.005188272425066,12.444313899899644,7.089508097840066
2001-04-27,27.341146840390895,-13.063838017202842,14.273240790970393,6.837720067136104
2001-04-28,25.347621190861478,-12.002576002201456,14.371673425349558,7.103330209312779
2001-04-29,25.342428937770748,-11.19861639313202,14.048713409469272,9.137921310999431
2001-04-30,25.621020042399056,-11.88344364945715,15.443202382500777,9.32322272433376
2001-05-01,24.953955290983362,-12.461450739897906,15.631088323117288,8.328137121623918
2001-05-02,26.80598982476165,-12.691846590830604,14.886845479772205,6.354470757351867
2001-05-03,26.792458802502008,-11.532578120698682,14.529819098696683,5.983417639110941
2001-05-04,27.38547481131208,-10.858170178447036,15.269476199835228,5.967166543055627
2001-05-05,27.418951010652417,-9.887663284146464,15.452366621029427,6.772153673678937
2001-05-06,29.54392070393507,-11.794670374847588,14.897518247675695,7.044311879527619
2001-05-07,28.124702087376207,-11.977635909600885,14.21318421663906,5.134382210473071
2001-05-08,28.511808033433844,-12.089359682384368,13.383244839900469,4.55090172595015
2001-05-09,28.760847592094063,-11.22891799786007,14.159556489175058,5.955494736404423
2001-05-10,28.513089539871032,-10.56628723485505,14.411783389028205,9.137932514668801
2001-05-11,27.796577248934305,-11.599443648856248,15.831786127599496,9.352117152930045
2001-05-12,27.98783312164172,-10.818307438005142,16.8937224326451,7.724292520651275
2001-05-13,28.996185593533752,-11.341633404983488,16.437522113598398,7.478964099414631
2001-05-14,30.47660159083211,-11.940050790646339,16.85461848283459,7.612044795112874
2001-05-15,30.68032024082519,-12.29754373598951,15.26133881516762,7.94605677946814
2001-05-16,29.134099784888452,-10.674197488583633,16.7524246016667,8.31667049987725
2001-05-17,28.627139097943076,-11.244426039948047,16.532399428811175,7.812563661167457
2001-05-18,28.800228990689217,-10.661436651160889,16.095018990783885,8.139648834751181
2001-05-19,28.925269771686743,-10.915149057927406,19.037138983594808,7.309889756543118
2001-05-20,28.525900095056077,-11.519492244381032,20.39400323676101,8.638151233425194
2001-05-21,28.406008719871487,-11.058427937927137,20.90047185439628,8.056101232576184
2001-05-22,27.266433390005613,-11.232098400229846,20.311701120697663,7.89836636256581
2001-05-23,26.459338385537528,-10.819857671335553,21.090090743361287,9.210593014029795
2001-05-24,26.494211464890775,-11.810353241249825,20.092214997314596,9.055896160089262
2001-05-25,25.688158659714226,-13.693569708795694,20.778210595121543,9.03895609649145
2001-05-26,26.28981989850935,-13.877307420117402,22.488454826526763,9.131287305743824
2001-05-27,27.189291358509884,-12.568638992557197,21.350380021896076,9.481551671925372
2001-05-28,26.181682592399223,-12.654977480928002,21.88235851667378,7.273415579731749
2001-05-29,25.729322996456165,-11.430155315432744,21.591527462482738,8.194860969330259
2001-05-30,26.673681121532542,-9.68654187172217,19.721709864714402,9.579543040937796
2001-05-31,26.92124236256268,-10.366060977355719,18.322013216494632,6.991972753702708
2001-06-01,26.42936201780925,-9.913848776501165,16.755703264758452,6.660448990019917
2001-06-02,26.960047882141538,-7.98269334954283,17.657121236010667,6.663684197770211
2001-06-03,25.98772969573751,-6.271221344540143,18.800974507517772,5.698855871460934
2001-06-04,25.198229042971054,-6.020870364494551,19.203904714714458,4.45470129463053
2001-06-05,27.110000424701678,-6.0717615353560594,20.165356876600704,4.506009169671332
2001-06-06,26.03556675679406,-5.767094138172803,18.61605632722495,7.022245072010144
2001-06-07,25.50603734410693,-7.600272322331657,17.194775557587437,5.799689101386388
2001-06-08,23.95261431288333,-8.413732853647577,16.704091909165545,6.6378529844202525
2001-06-09,24.023982536960332,-9.092357112886278,16.459715926373793,6.710850753281393
2001-06-10,24.74777113074044,-8.96980966605515,15.391295715596256,6.882951990885443
2001-06-11,24.51768790393918,-10.3733997094227,15.361752308358428,6.585933195257862
2001-06-12,24.058323957907444,-10.244791720038984,13.223489772059054,6.861593383826141
2001-06-13,23.549982015493683,-9.84148529943516,12.190745307152643,7.990968647406104
2001-06-14,23.427668904081425,-9.838945836433068,11.574569633388814,7.627951179649006
2001-06-15,23.291610000768337,-9.185836953150039,11.238658945418544,5.426517865210467
2001-06-16,21.307519488864965,-10.121689942765249,10.404153871603159,4.014537623358038
2001-06-17,21.754292341359836,-11.556352832583949,9.302224988996647,4.8981991627277495
2001-06-18,20.704413861715768,-13.056782176854739,10.69090503691769,5.135799518774331
2001-06-19,18.661662642187462,-13.87093649164876,9.990675409429219,4.136032034571591
2001-06-20,17.91694798011209,-15.149190103110211,9.996532202775839,3.463085254827885
2001-06-21,18.846583382260135,-14.650282620731765,10.39302318492216,4.7330432958532835
2001-06-22,19.32302767752831,-15.9505591514073,11.31229675404743,5.544319225660833
2001-06-23,20.153867477720894,-15.585609408255456,13.64854214562191,6.162707476631183
2001-06-24,18.957447024917414,-15.994320606580418,13.990864180712906,6.777884671011332
2001-06-25,18.313287398476835,-15.758625528386645,13.475920121446059,6.006654847047625
2001-06-26,17.99364914076292,-16.15314132097799,14.646681808212968,7.863475615609222
2001-06-27,18.375545081221897,-14.675487350658702,14.22070631920658,6.42968346348931
2001-06-28,17.850111685904302,-14.330067604227498,13.110292206445054,6.731149603056899
2001-06-29,16.74207728642042,-14.42743097296011,13.713130264204704,6.880740700110011
2001-06-30,15.41236144381804,-12.921319240611364,13.878339215061688,9.043257246559357
2001-07-01,16.173583953157195,-11.875138569404822,14.123436468726942,8.537888534407204
2001-07-02,16.925647146938598,-12.119652695225946,16.073477329917097,10.042735836320754
2001-07-03,17.945971554439172,-12.008037998383983,15.28825280973054,9.832100785538756
2001-07-04,20.428263832543088,-12.489361621496595,15.25243549450738,9.166941543881212
2001-07-05,20.75553034371566,-12.54561705318744,15.331909606637627,9.528005193642908
2001-07-06,21.6807458185484,-14.109654137278495,15.903522706892513,11.195535744900102
2001-07-07,22.544755470911003,-15.438325951987537,18.197648112479392,9.921869620781166
2001-07-08,22.54181995972412,-15.500282321929697,17.87829972575745,8.946090565831227
2001-07-09,19.687045865479135,-15.987810297029204,17.256203383173524,10.973035284250361
2001-07-10,19.8082726714979,-16.921081852713044,17.218634884657202,10.17037772832885
2001-07-11,19.3845512173636,-17.44655338223718,18.534822880228273,10.60886956403823
2001-07-12,20.42697944838948,-16.957356602314366,16.885363073528463,8.749923891593559
2001-07-13,19.496508508118556,-16.675709001352544,17.01761172223187,7.719369790262197
2001-07-14,20.43798260685226,-17.298880752780118,17.542469455373716,8.896008762741468
2001-07-15,19.077317161804046,-18.076060742163577,20.14969514562933,8.872952482386266
2001-07-16,16.49325998110884,-19.259015904212678,20.29952245341144,6.763114079107976
2001-07-17,15.746361585846325,-19.760139249544743,19.764591824899913,7.696313834874415
2001-07-18,16.566157037776797,-20.392496705532885,20.406775259946595,7.799692293455969
2001-07-19,17.165201922611537,-19.552643836391827,21.837899104448894,6.695204057199409
2001-07-20,16.995084676541687,-18.016312660812375,23.606512912680866,8.09753457862279
2001-07-21,18.109125918695163,-18.97828283775993,23.736949619827726,9.62170866816318
2001-07-22,18.601180938428442,-16.181989392559675,23.77840843121869,8.666123723414241
2001-07-23,17.42769708793727,-16.434260035156424,22.82102789098188,8.950407408400972
2001-07-24,17.642860189404672,-15.304133189461492,23.704384128851835,9.666079197477867
2001-07-25,19.325741586393306,-15.507865658143878,21.95698195001971,10.35915698558558
2001-07-26,18.887410069110224,-15.862726337518913,23.425009550275583,11.079641338896213
2001-07-27,19.848669131576433,-14.80475741814137,24.222150928928343,13.055128561066901
2001-07-28,18.630166493793,-14.61924315163813,24.202897948793986,12.114551916308876
2001-07-29,20.267536650482892,-14.826053461742942,24.22554624360728,10.967541924909012
2001-07-30,17.819563101022357,-14.814486437702081,24.843407596527115,10.131923141307551
2001-07-31,17.73843443921409,-15.078248679621876,24.773128359333114,11.011116582011368
2001-08-01,17.724526309189248,-14.704745254802448,24.317771991857935,12.474544518820332
2001-08-02,16.066056703242303,-15.649538814969251,24.950886831224924,13.090884763148766
2001-08-03,15.294993466624295,-17.193085451281913,25.54068642489784,12.74001837696305
2001-08-04,15.69329643947819,-16.02919881563715,25.74808964295405,13.336158680047124
2001-08-05,15.322862349242095,-15.81985865870241,26.766583417084114,14.170447540289949
2001-08-06,14.996719620291083,-15.72335175732083,26.52019053852498,13.914524726706807
2001-08-07,15.774083174236095,-16.753130427104402,26.12926482426606,15.678297167237648
2001-08-08,15.641888541334284,-17.482760772566078,26.155307384645194,16.20295749614978
2001-08-09,14.358487949327534,-15.83565580738049,25.258258300616394,14.911361019359873
2001-08-10,14.482593577634317,-15.268011058598551,24.8767950202678,17.331726669635515
2001-08-11,14.252147734975745,-13.868470614019103,24.786852581012674,17.930801077011267
2001-08-12,14.932703570854759,-12.840288920595139,24.742643270900288,17.596789604003447
2001-08-13,15.166718228048172,-12.332374504588865,25.09395318016837,17.280811491087128
2001-08-14,14.60283993662407,-11.231568870592847,24.57416928886891,15.321476567122307
2001-08-15,14.783219416241586,-11.089892488782732,24.20629717141234,17.924130613062648
2001-08-16,15.62291379788688,-10.995101702573178,24.191187368142035,17.096501657909766
2001-08-17,15.836808405864655,-9.938984199391594,24.582252287321666,15.456427789559735
2001-08-18,16.294240619996035,-9.742449797417107,25.589303612800563,15.584174207932024
2001-08-19,15.498517145952484,-8.050441081149833,26.370808695534926,15.635131482346958
2001-08-20,15.753477785238507,-9.765640158943379,25.80589159619594,16.967695419618853
2001-08-21,14.259944107652109,-8.563227866524034,25.21239023103533,15.902514393079912
2001-08-22,13.945281979802164,-6.910654564152175,25.45837113404494,16.28868157774272
2001-08-23,13.165694977036924,-6.915621688686575,24.48993335949478,16.667703682114407
2001-08-24,13.633755478968054,-7.8774726363860355,23.617665298031145,16.806653943880825
2001-08-25,12.403031778027689,-8.08343973330084,22.490673257428888,16.449159852242882
2001-08-26,10.81078145159463,-9.60295512689407,22.88573921159808,16.65049866801826
2001-08-27,8.624141195074676,-8.717368280694577,22.846030618412602,15.760270652966794
2001-08-28,9.61583073506024,-8.32651412718375,25.183807034428025,15.781710044757483
2001-08-29,9.034385368833972,-9.905714804446763,24.578902429344186,17.342881534761908
2001-08-30,8.692631319200991,-11.278653659034067,24.783211892532748,17.9750359746666
2001-08-31,7.663409393542462,-9.661427541794218,26.480240805377445,17.783815192206255
2001-09-01,6.0349874416389895,-9.409308077428388,26.3201288863631,18.292458243087278
2001-09-02,6.5564755191398305,-10.848414075850064,25.903374616993062,16.492461973858674
2001-09-03,7.300555379631226,-11.712953062022546,23.591063374689032,16.455086747802543
2001-09-04,7.430880750804831,-10.416892140650935,23.371097684540516,17.307408814168415
2001-09-05,8.472803850227166,-9.758569393311745,25.393432135683984,17.00788306366175
2001-09-06,8.59641159739072,-9.05117322107018,25.20671591247768,17.413571394900565
2001-09-07,7.345345486602408,-8.093120998170612,25.17022907328222,18.62637435819701
2001-09-08,8.003624639026693,-9.1156759861631,25.706990468751663,17.483925469368696
2001-09-09,8.467475523358118,-9.90852353626816,25.102666511706328,16.939992321977435
2001-09-10,9.192663451297046,-8.653012567927435,24.059186996880154,17.49476368765276
2001-09-11,9.709447164307974,-7.385399811888055,24.371889921781854,16.836676258352192
2001-09-12,8.497815440665736,-6.269432295986061,24.14413563401842,16.791846342859085
2001-09-13,6.680815693403297,-5.6210549891848824,23.663892019472552,16.92188064622456
2001-09-14,6.224083191207032,-5.656646697106621,24.34168545043074,16.280223729746343
2001-09-15,5.159670301969993,-6.223050070396975,26.103601487102384,15.123063615201165
2001-09-16,4.606222823996066,-5.10340351174712,25.975325578493045,14.914819584327391
2001-09-17,3.606272333382045,-4.17585826515586,25.875921955031817,14.298421244244892
2001-09-18,4.554589073136118,-4.259758664049208,24.550746642231676,14.811881648152985
2001-09-19,5.371017412816083,-4.759471147766707,24.532068427930685,14.07549860434207
2001-09-20,5.2637774984890235,-5.453763710421309,23.44957041357044,12.37106993459056
2001-09-21,4.413389787013993,-6.3255322818183535,22.084574770811084,12.488049401705531
2001-09-22,5.425473755877021,-5.477917138430025,23.418100984751646,12.43443750038263
2001-09-23,6.174265510362678,-6.912961007895892,23.499343064155738,11.609625277184996
2001-09-24,7.7085127683867665,-6.552916455380468,23.168474947464368,11.841966107348748
2001-09-25,8.016175365495204,-8.217746793948761,21.91347023032805,11.871839554504922
2001-09-26,8.23796130234822,-8.719472269261935,21.59604460689299,13.375001726350774
2001-09-27,7.939400285393105,-6.669810335465177,21.82941549886699,14.727532449491783
2001-09-28,8.277439936600135,-7.1644420988034145,20.738819340735596,14.434156298891686
2001-09-29,8.909685654294686,-7.318861033184385,20.325974007908844,14.572943224676997
2001-09-30,8.192470369276016,-8.12273849746837,18.856052243576926,15.322614356572728
2001-10-01,9.369329021109792,-9.910299854684853,18.03138628189533,14.738974354829919
2001-10-02,8.451098147739527,-9.974836792300062,17.29704785625467,13.7260355347311
2001-10-03,8.164879103170067,-11.807941745146664,17.835538867844573,14.039940028114117
2001-10-04,6.988292083126048,-11.87289082781095,17.573129870578313,14.738909300745727
2001-10-05,7.281068584408849,-11.1349656047921,16.79612671852709,13.090178737042715
2001-10-06,7.2742752376759725,-11.992994342564522,14.889238818445921,12.191352158178763
2001-10-07,7.895940951895335,-12.402720375101886,14.079448926556376,12.40508941798878
2001-10-08,8.466952739365421,-12.959473413204345,14.376501172617301,10.847206274852546
2001-10-09,9.068681974799171,-13.26818830693381,14.021457151181668,12.238520826122729
2001-10-10,9.478586207551174,-13.57965083787205,15.514990010843816,13.348721467562463
2001-10-11,8.773594265623881,-12.311838533866093,15.90075738120133,12.737703255371887
2001-10-12,9.893355936936075,-12.165754787432583,16.006712683834404,12.787776680651126
2001-10-13,9.713714209917836,-12.965768071776543,15.976349001396764,12.856644225807258
2001-10-14,10.927815230633122,-13.410544940046092,14.854292823555735,13.610276344287566
2001-10-15,10.08522542504027,-13.379917948989478,14.443500301043947,13.867805640390712
2001-10-16,8.41668228554911,-13.96114238444102,14.560455491939292,13.911641561721032
2001-10-17,7.786476955896444,-15.447718496855584,14.153978457436171,14.428345392606891
2001-10-18,7.648636804352044,-16.08767461879771,13.269966196754991,15.318989997979513
2001-10-19,7.223188346621349,-16.42017531613053,13.178381441846655,14.896780663415326
2001-10-20,6.7340937893978765,-17.707706097140576,13.705082060024248,14.238265247481905
2001-10-21,6.846532089228446,-17.429535454941824,14.043954707279262,14.413813264541503
2001-10-22,6.951054662889003,-15.507827172187486,14.440011054875544,14.101037158371678
2001-10-23,7.567359533003568,-15.453172751360569,14.596542213015391,14.097833023011932
2001-10-24,6.116133093607921,-14.975127043201741,13.168073772306311,12.356681811831685
2001-10-25,6.3804804950045835,-14.105988974608945,14.40539424242775,10.817293655248147
2001-10-26,8.560808386473985,-14.406912817787006,16.831791899792545,11.731226130561922
2001-10-27,8.634467367829972,-12.578609734001523,15.21735823724035,11.41151372550951
2001-10-28,8.78120395515604,-10.39141869699649,15.28560436812443,10.099124686827487
2001-10-29,9.569651375386567,-10.997876924584425,15.705089778459273,9.569756109167878
2001-10-30,10.132938011083498,-12.38413407873181,15.900793305594112,9.993998235684897
2001-10-31,9.156511895575768,-10.693388206894033,14.620352858456034,9.409340855485976
2001-11-01,11.054454262026733,-10.428594453927358,15.190864197893543,9.863642986475849
2001-11-02,11.478935960562785,-10.522637429129563,14.417172339385724,9.477176997271899
2001-11-03,9.734765869622667,-10.47016581396613,13.917910819234358,11.238021384525007
2001-11-04,10.176625794230123,-10.197392421180684,12.30601609885599,10.71564687404216
2001-11-05,8.001371841038903,-11.502622608404224,10.66373417825053,10.032041862064728
2001-11-06,7.917551036188521,-10.644995477528914,10.414524768744705,12.39832074704795
2001-11-07,7.318059334492762,-11.754401029465743,11.253651461228351,13.21595439627731
2001-11-08,7.401648214018761,-11.64975203649737,12.870049143039193,13.872605196885653
2001-11-09,7.988872577514039,-11.326293818995074,14.06108821486243,12.504837602603262
2001-11-10,5.849004801597092,-11.9482337473332,12.610379119748035,12.928088848020781
2001-11-11,4.704948444476736,-12.136614278588457,10.626432178552955,13.162943003031945
2001-11-12,5.800315296601194,-12.205237039177867,11.470527285318099,11.342345937779912
2001-11-13,5.360913551159162,-12.620924168596023,11.2734017736976,11.65530461233797
2001-11-14,5.693999446538311,-10.732377365563375,10.914089701119615,11.36082245087201
2001-11-15,6.059160144721362,-9.935610472702665,10.775708316670524,10.639385874129736
2001-11-16,6.156341589710648,-10.635786060433587,9.518250028225555,10.645971448627927
2001-11-17,4.418008914591611,-9.205395202875993,7.099282995845582,9.756472749308866
2001-11-18,3.034480820220451,-8.765041067554279,5.2795157736367795,8.729045212910979
2001-11-19,3.5239433912597624,-10.201663588213547,6.120193024858781,8.915998239977089
2001-11-20,3.384910974903416,-10.787366457550203,6.639015232903586,8.307902484403098
2001-11-21,4.008195155222637,-12.374671349865698,5.04245790702396,9.573754634834897
2001-11-22,4.6331839955932415,-13.395902616364086,6.508434665091759,10.099040023410566
2001-11-23,3.3952133332631425,-12.913727459856734,5.872893802384197,9.238314548511648
2001-11-24,3.449276186214138,-13.657955262198897,5.484818279687452,8.924375939598985
2001-11-25,3.3797153791297525,-14.632104495469283,5.177781650899708,8.494672679032693
2001-11-26,3.298735131598205,-15.014622072592017,4.8556973578361555,8.921696427488035
2001-11-27,4.7620800061932105,-15.96709180824869,4.8818723454515185,9.682881619338726
2001-11-28,4.332088768513952,-16.97968727741592,5.981572996052098,9.281067832959268
2001-11-29,3.7109180477334043,-17.374638942853146,5.127711528226184,9.816673602097568
2001-11-30,2.0765174505322,-18.476751813323563,4.7574835192952145,10.941361140682853
2001-12-01,4.50735433341455,-19.422210403006716,3.4640940032411214,11.29410783459883
2001-12-02,4.04558750051843,-18.743397825338405,3.6311944815877677,10.376733033152043
2001-12-03,4.960159738221582,-19.61477784240216,2.7932439476445747,10.979788198384062
2001-12-04,4.7145915024330165,-19.154231264846054,3.2586204925206643,9.69699019622209
2001-12-05,3.8343778285380554,-18.375146996130063,2.2134435540763544,9.760210215725033
2001-12-06,3.875452847075537,-19.213073728137918,2.3736700275020395,8.49374269913969
2001-12-07,5.544416957667658,-16.056436821486372,2.678451167492773,9.110763708561734
2001-12-08,6.171389580855434,-16.147958640552293,3.1501809112658363,8.146404925065625
2001-12-09,5.632150209882265,-16.209617193990464,0.4395598541400312,8.01852936608753
2001-12-10,8.621556251399205,-16.334413226117626,-0.04203794466685257,7.656564364438896
2001-12-11,9.318539473842382,-16.730625956121884,1.1417150593175072,8.718399202309463
2001-12-12,8.90091750225812,-18.12265815443239,0.28223380515905505,8.79852391505226
2001-12-13,10.548650302289456,-16.887435487286336,-0.9617692396960312,8.543763496670579
2001-12-14,11.339372471928217,-16.139069558209172,0.9695775123265499,9.348072290954462
2001-12-15,10.360539950594967,-16.203192531379987,0.9198987976824796,9.864002237537973
2001-12-16,11.44353772867952,-15.786509512732202,-0.004457496035728314,9.635024706586055
2001-12-17,10.433240672557142,-15.59375624288348,1.0985082595269144,10.07265016680963
2001-12-18,9.603165821018024,-16.171526755738395,2.02109345244157,9.695423901486867
2001-12-19,10.68584109507155,-16.936197662588437,2.328414266067518,8.549862798548395
2001-12-20,11.71792928802716,-17.064433810477997,3.224699845757808,8.359674533591887
2001-12-21,11.987434872455752,-16.147906211594155,3.8320997929090748,7.596585190711437
2001-12-22,10.70720908444998,-14.820212998774194,3.9338730008814524,8.807504152084489
2001-12-23,13.013284522732263,-14.921363640782866,4.543579145972969,7.924656731984708
2001-12-24,13.451932707241793,-14.813154421860473,4.139985217714307,7.857719371972489
2001-12-25,14.146111273384992,-14.238488599299952,2.767942966895584,8.87556309856828
2001-12-26,15.31323701736357,-12.922283772150958,4.2402128376858945,7.97657159834345
2001-12-27,15.883575434380331,-11.217887440273989,5.026835660635012,7.4808383275828945
2001-12-28,17.2587681272556,-13.123599855654025,4.557131784815033,6.802221447460225
2001-12-29,15.453838652753307,-14.210217504307586,3.9200152227554597,6.901447368546002
2001-12-30,14.41592615555201,-14.65997094328604,5.465762795484851,8.15256576247868
2001-12-31,12.58538343231275,-14.608762017455698,6.067084382535577,6.109038570169723
2002-01-01,14.346135353659081,-14.349267173063668,7.424748135014673,4.154470602814351
2002-01-02,14.257566187961487,-14.376557638914866,7.144516504477229,3.182592155868665
2002-01-03,14.181624010735685,-13.582901475592314,7.302184912837944,2.984290620058156
2002-01-04,13.223705553707335,-12.564473915193282,7.347448867244743,1.6761033266249088
2002-01-05,12.860927266987362,-13.22742996852971,7.651930100434026,1.462501955636074
2002-01-06,12.682646126273319,-12.60339282220047,5.860639762323315,1.2416064392842423
2002-01-07,13.062850640443346,-12.728533892372841,7.149008284247959,1.1863268908100144
2002-01-08,13.439544903935683,-13.179219103194256,5.884336574122946,0.6698184948861455
2002-01-09,11.46863559019192,-12.145176542560636,7.847177806852894,1.7479192992861412
2002-01-10,10.19717864943521,-12.510881106441106,6.887753711651147,3.562719012525882
2002-01-11,10.189395751362527,-12.135788091977265,7.852551128245222,2.3954025653307327
2002-01-12,9.070341382692876,-11.749996188851494,5.518176977176285,3.5050059699457368
2002-01-13,9.076560781809498,-12.872317522199054,6.1002277897394315,2.608398375567237
2002-01-14,7.257749350494948,-12.6981885980612,4.941827656618921,1.9845161290166295
2002-01-15,6.287843468514333,-12.561660253106458,2.7408892214813103,3.790769948472369
2002-01-16,5.515913494027502,-13.076346874459846,0.791569111531526,3.04868680929028
2002-01-17,5.911568769046626,-11.335921957495096,-0.8590791545974044,3.4058688093053466
2002-01-18,5.436139793356385,-12.211530218146105,-0.9203908519977906,1.304172171817342
2002-01-19,4.254989251604282,-14.146476977760637,0.15250475271859365,0.2934344313251869
2002-01-20,6.198980925595342,-13.672475271636975,0.024999387567782555,0.780722496053601
2002-01-21,6.059885502429281,-13.918176544907428,0.33397737333454425,-0.8918318787206085
2002-01-22,5.752965284346501,-13.555143151892116,0.7727821605152926,-2.297864826932713
2002-01-23,5.099714168598424,-13.527238700757474,2.850173956675262,-2.008827158130522
2002-01-24,4.542043412948965,-13.218205739301032,2.2715386993603626,-4.023706332193563
2002-01-25,3.9795054755940775,-14.01005926250477,2.960032214785721,-4.180889168297721
2002-01-26,4.684348204637634,-14.844478546359943,2.6089648357269066,-2.5494634430279413
2002-01-27,4.375246072330894,-15.566993519219732,1.0555086653695838,-0.6434524523997265
2002-01-28,3.3383583539852095,-15.030847261414024,2.0219024910472747,-0.7896434059116338
2002-01-29,5.251646008547583,-15.502201068714813,-0.016597733747162113,0.2650955470852042
2002-01-30,4.99572241099785,-17.856754774178736,0.009808511494265173,1.245856666591286
2002-01-31,5.401287941742419,-19.37721002420171,-2.942578289704948,0.7374046381056238
2002-02-01,6.774213163892702,-18.807025764593348,-3.39585988194446,1.8544057148595134
2002-02-02,7.102293887441834,-19.499154087124246,-3.1738531167425132,2.1955505863767457
2002-02-03,6.173437818937854,-19.335551798862845,-5.393713096665632,2.9422042114075353
2002-02-04,7.913379260595837,-18.84843789908791,-4.477508561757563,2.9843573901284213
2002-02-05,7.353457342391186,-16.90627956401197,-3.758050961460905,3.164927375560636
2002-02-06,7.334034596225211,-16.654196115969977,-3.1798701782734047,2.8032428439263906
2002-02-07,7.629455038480373,-15.216225211199442,-4.369639626715529,2.5390127595600056
2002-02-08,9.435064152533316,-12.630448808108715,-2.2599752722248083,2.5445232340504527
2002-02-09,8.714448367071164,-13.581257904601978,-2.488773958140179,0.5049997838715394
2002-02-10,8.429290474892548,-15.281941226536809,-4.214301803624807,-0.3619295934769502
2002-02-11,9.276950750663952,-16.812341112520727,-4.754575265658271,-1.2737643403797876
2002-02-12,9.593822990052878,-17.280055102365477,-5.063357950082467,-1.6670277330837662
2002-02-13,8.703479451468215,-14.846971128954138,-4.693605449295673,-0.10462185308523875
2002-02-14,8.44870813865902,-15.269869158004372,-5.163285890473066,-0.45760933401006265
2002-02-15,8.248142991438382,-15.606216776321828,-4.4872188722270945,-0.8977629929702173
2002-02-16,9.122796155847022,-14.290889094630886,-5.390824825062248,-2.4257390379371766
2002-02-17,10.514875716729318,-14.92081795044251,-6.527494195443289,-2.438750390029286
2002-02-18,10.000135848936528,-13.518385441029615,-7.976562050485184,-0.8935947952031094
2002-02-19,9.269098372405207,-14.315904301191546,-6.955144585616592,-2.3035382146375953
2002-02-20,8.112163156713661,-14.708051063135184,-6.698513719606894,-2.40807325610558
2002-02-21,7.043865815678114,-13.557857782519642,-6.989576523712414,-3.730704528969866
2002-02-22,8.274661235254971,-15.780805926112702,-6.981652185006354,-4.952981489684577
2002-02-23,7.519102443228995,-13.546734159174218,-7.453406661826403,-3.7382057829720763
2002-02-24,7.404916696912058,-13.292252005182943,-7.843870744693121,-4.453999868149649
2002-02-25,4.538458071202192,-13.770895326033928,-8.260091248604317,-4.070679873385884
2002-02-26,4.312647214869869,-13.627015255632005,-9.040878996609425,-3.7628791239697392
2002-02-27,4.354501337752768,-13.394321540024546,-9.427024015023788,-5.026510561073735
2002-02-28,5.21830699783532,-12.944066810677235,-8.737960542464192,-3.3082267235244345
2002-03-01,4.9422159516516295,-11.430347410255232,-10.072800881509826,-1.5574855993986554
2002-03-02,6.367219159353564,-7.956809668645018,-10.331503237601856,-1.735063457415729
2002-03-03,6.7608346642119095,-8.240467513088195,-9.043276961974238,-1.6748823179297483
2002-03-04,6.9906933688786586,-7.08475588184649,-8.678722714298466,-3.2406319201353297
2002-03-05,6.894856677513267,-7.626314027792928,-8.881575065898257,-4.407541720020569
2002-03-06,6.264050228541355,-5.76920288377922,-7.901082654302109,-4.608249216997789
2002-03-07,5.84472063013711,-4.184441897185326,-8.615832902580141,-4.40351394776102
2002-03-08,5.182766571787546,-4.1476720242200305,-8.07359488630361,-5.154246315742065
2002-03-09,4.793147996816319,-4.147527965853321,-7.505802110633559,-5.486940399979961
2002-03-10,4.08816422337629,-3.5593070324195883,-6.8033270189116095,-6.031925532894754
2002-03-11,2.785275303712378,-2.1731079106205757,-6.243668202734821,-5.24501059728122
2002-03-12,3.8201194218485766,-1.590692272920228,-7.2369868470735454,-5.6666323346743805
2002-03-13,4.356953126008177,-0.7680260928902062,-10.033907965900703,-5.069229116142964
2002-03-14,1.994991537867599,0.26797244434470746,-8.404130864983262,-3.2637552180871117
2002-03-15,2.400404076704722,1.0874468388742065,-10.100026358877995,-2.9593828476814767
2002-03-16,3.021863497666466,2.1437988994833015,-11.0061090926909,-2.088062444565584
2002-03-17,3.600185118595026,1.9927955290053263,-12.004390734559975,-1.7432298238439476
2002-03-18,4.0196891579636285,1.4938204700730267,-11.661609298713747,-1.1285083381521765
2002-03-19,4.063590809835496,1.2065594752243256,-11.721885358544942,-2.042778251870458
2002-03-20,4.158002307652435,0.7183281911608925,-12.750690354060238,-1.5200716048257203
2002-03-21,3.8978024289461812,0.8665959007289603,-11.552542223493885,-0.5078694260710184
2002-03-22,3.2386782641502654,1.3428312721514,-12.918741397597742,-1.3208952191347834
2002-03-23,4.273764036763925,0.6407534071485977,-15.56358232874589,-2.1589236613652822
2002-03-24,3.6286016855552603,2.182372562696329,-17.288452565892385,-1.2400883572767025
2002-03-25,3.63073878389806,2.520935872180924,-16.87163193652752,-1.2036241793696016
2002-03-26,4.154990175797149,1.9705526697381477,-16.480864642969777,-2.42967289017742
2002-03-27,5.476557018169835,2.6829256628945153,-16.165279965239172,-2.9191932639512608
2002-03-28,5.581363234013821,3.533520830415204,-17.05402592856785,-2.960821949129864
2002-03-29,6.086857701280791,3.82798932346821,-18.489136774242272,-2.905736690626477
2002-03-30,7.688716689727786,3.9177770434464954,-17.951215967201307,-3.897258429560308
2002-03-31,7.936329815588766,4.156805291376416,-17.252225321556267,-3.642285339467208
2002-04-01,9.629869889129324,6.588737622177252,-17.00774507488858,-4.307136455196018
2002-04-02,8.855424075965107,6.07251863717032,-18.890893563396485,-4.434058010308287
2002-04-03,10.310988674558352,6.532127869044981,-17.260437789150906,-5.5544374261291605
2002-04-04,10.550171778404065,3.927375614648108,-16.8923716164229,-3.6663889290750533
2002-04-05,10.095716681884207,3.492826688243923,-16.631784280206073,-5.807865998559634
2002-04-06,8.791099233917228,4.490429001895212,-16.670995583769677,-7.717896430108593
2002-04-07,7.139067284513969,5.409416142559573,-17.05627296162771,-7.0100227469578
2002-04-08,7.009115922176756,6.5667984433887625,-16.700806441030448,-6.800298683084698
2002-04-09,6.554667316608536,6.8573589046844265,-14.81556302027588,-8.581030321853728
2002-04-10,6.682905259747238,4.791846971706553,-16.74914634349795,-8.17121077780064
2002-04-11,7.821539450359245,3.633992187479852,-17.16986581039302,-9.771171784443997
2002-04-12,8.358457691040513,3.8820468321769575,-17.754922754025557,-10.198960140753675
2002-04-13,7.937768934131849,3.364192450726123,-18.482500525338022,-10.737154216132545
2002-04-14,9.055239555916392,4.3231641353275325,-16.936891435082696,-10.119948204627013
2002-04-15,9.627914424638668,4.405664210011958,-17.59754385059633,-10.03079501420247
2002-04-16,7.956908693082225,5.520307424328964,-18.50216955717375,-11.860566281622448
2002-04-17,8.400888166780977,6.7093807722689265,-17.903508828285663,-13.723561519939842
2002-04-18,10.581892527375135,6.867866178100909,-17.833655377485385,-13.530639662991579
2002-04-19,10.503509946322225,8.362900304512129,-17.33103680021003,-12.170474105379611
2002-04-20,11.417344894780072,8.869201128083013,-17.477196893699297,-12.900636394056754
2002-04-21,10.961508871493397,8.758555835989982,-18.146145276828285,-12.644050877425514
2002-04-22,10.824817382691938,8.163478371493913,-19.37294808337295,-12.251668487253053
2002-04-23,12.379952523802427,5.773580954188088,-21.123038581382477,-11.377146705463286
2002-04-24,12.335101414600723,5.434062345395023,-21.45062239548097,-11.224057742888311
2002-04-25,11.642309200244542,5.724331240825663,-23.116688544309042,-12.754226572701901
2002-04-26,11.058810159748429,5.452767367970399,-23.445404316659953,-13.562539699809495
2002-04-27,11.919510957359076,6.73542075992156,-23.35535167291946,-12.91561913453077
2002-04-28,12.759965380457626,7.843267105443994,-23.227614423433202,-11.803607550108959
2002-04-29,12.945029632561878,8.242975054106665,-22.093504444729465,-10.945225905446225
2002-04-30,13.91681534367235,6.6830010645481135,-22.175182424713118,-12.55161726895205
2002-05-01,12.973036744224018,7.64364456608134,-20.977058864900776,-13.947732399026581
2002-05-02,13.29438686202084,9.125079446681928,-20.636625775315633,-13.131463200601292
2002-05-03,12.31306267175304,10.03460723535012,-19.108105453316924,-13.70781870641797
2002-05-04,11.180708610553234,10.607445920511298,-19.54310674543234,-14.491000047341538
2002-05-05,9.613097034138349,9.84560699912097,-20.99768605253013,-14.139682523900078
2002-05-06,8.518152419661774,9.932808385207732,-20.150644606801453,-14.899341753084235
2002-05-07,10.312507228833802,9.818994511163089,-19.403784925256588,-15.640502443708687
2002-05-08,11.18723887576108,9.469987963552605,-20.629891033528516,-14.933094308773759
2002-05-09,13.501460032372346,9.170447187490057,-19.689026685092017,-14.985899248934048
2002-05-10,13.602949443010514,8.516117860236072,-21.533191230364583,-16.38727253104647
2002-05-11,14.133072934762506,11.039884847302474,-22.918870059635946,-16.88167741556427
2002-05-12,13.236690281523034,9.393923435669425,-22.939741489463675,-17.489122063093724
2002-05-13,14.685436051504269,6.626645159792036,-22.273615484243837,-14.891180133336547
2002-05-14,14.978233246141372,6.324254289154203,-24.881952496474156,-15.545199076273718
2002-05-15,15.040853544819996,7.2219236044457595,-25.20694730781537,-15.14101510706813
2002-05-16,15.627965602373271,6.647922772122501,-27.68904353383227,-16.87705770037534
2002-05-17,16.028777452651745,7.059589017594453,-28.44916242523838,-14.530791680480789
2002-05-18,17.149492234880338,7.07563156725046,-27.6899803564686,-13.86208905640529
2002-05-19,17.873738050389594,5.651470546016178,-28.421312504438575,-11.929934806658194
2002-05-20,18.646931975821836,5.406800379983662,-27.058770734706062,-12.516708709658502
2002-05-21,18.936472456954185,3.877630638117279,-27.0314069357103,-11.931324912892455
2002-05-22,19.828618128237807,4.13469557371708,-27.766904273906555,-12.678061391960041
2002-05-23,21.86208767956832,2.8690474027229103,-28.2589799065329,-13.577766302264031
2002-05-24,21.032988123651045,4.214051093497571,-27.92696093693828,-15.705920746358126
2002-05-25,21.37879623299105,3.1559962206614776,-27.83124612178209,-15.369399930349628
2002-05-26,22.255373467511617,2.9329687393818213,-28.21191416528693,-16.584038507065603
2002-05-27,22.87481181883783,2.2306982127859714,-27.54074294876019,-16.628101309335406
2002-05-28,24.576722415389643,2.712008795580831,-27.07708823418412,-15.814404073131177
2002-05-29,24.094503529913755,2.0156674462959883,-26.663609324316198,-17.058380237845437
2002-05-30,22.114013612639557,1.7220868173404167,-26.245036659929777,-17.88713596574894
2002-05-31,21.08895075299145,-0.06476622926809594,-24.782263116220523,-18.602269700973295
2002-06-01,18.168874113406947,-0.10366893078976912,-24.27093469766882,-18.455456004117284
2002-06-02,19.08917324093207,-1.4120418866656874,-23.146600001160373,-18.926556617341934
2002-06-03,19.48624794216017,-3.7777985435866572,-22.813519191287718,-18.456873634305037
2002-06-04,18.457847173541214,-3.670377264742328,-23.205811846244313,-18.022071186572145
2002-06-05,19.145978627353887,-1.541023786142377,-22.209186664116746,-18.888851021986408
2002-06-06,19.47656844136686,-2.9136788393981,-22.459911349530802,-20.12585948615515
2002-06-07,18.55085200438908,-4.367176216763203,-21.73714356220349,-20.653499025580945
2002-06-08,19.991448151172165,-4.813444713533798,-21.43023127480829,-20.102845690118144
2002-06-09,19.416903057136533,-2.321585289861757,-22.22797646458764,-20.610764354968225
2002-06-10,20.69481499927372,-2.690919836306281,-24.32625911158304,-19.50656803362305
2002-06-11,19.24780875085605,-1.6243999577098305,-24.22019833134687,-21.00781064869113
2002-06-12,19.127256455675347,-1.0279078517447826,-22.38486003264933,-20.37120918511198
2002-06-13,19.13066893761788,-0.9293774028833155,-23.321405562586726,-19.137050437414995
2002-06-14,17.5122115685249,-0.6672712529749942,-22.826762606884568,-19.212061307719967
2002-06-15,17.23511758650556,-0.11842210080356197,-22.404921410864468,-20.060863559802485
2002-06-16,17.402100997143318,-0.12649841224303393,-22.489947275869504,-21.108275524894637
2002-06-17,16.677327114332574,0.3042299012423409,-20.689517071219647,-20.42149249079263
2002-06-18,15.110131859426303,-0.39621529851941334,-20.780237977174096,-22.186384555909296
2002-06-19,16.08422278355407,0.3502172938640942,-20.818823695559136,-22.417263790207443
2002-06-20,18.386723220149193,0.8272386863286961,-19.762285615848658,-20.98197854312109
2002-06-21,18.354830813625018,0.46010344790225893,-19.33804247404772,-22.273379883490325
2002-06-22,17.523449633677362,1.613891369859458,-18.69450535451146,-24.007957226088507
2002-06-23,18.202976922921028,0.7078863078309658,-19.41250013246686,-23.485285955752943
2002-06-24,19.049043789290426,0.16996450019197773,-18.74289463731225,-23.031347096964822
2002-06-25,20.16492759408881,-0.5637379601674857,-18.368326778690307,-22.687863203646046
2002-06-26,20.01313942310663,-1.644375143691781,-20.12358498309183,-22.20103101000016
2002-06-27,18.267396867310097,-0.8597037044946714,-20.672119659023643,-22.772816387567552
2002-06-28,19.318492885305606,-1.5001132190837656,-21.6468731532049,-20.808627916721917
2002-06-29,18.08682380037691,-1.9018500972930412,-21.170378347896712,-20.638198444149715
2002-06-30,17.879119741233737,-1.1289208673618103,-21.45547787457882,-20.485570350301302
2002-07-01,18.249131593997088,-0.39835304823258477,-22.368468886967197,-19.717156702819267
2002-07-02,18.176814981998014,-1.32354432445544,-21.601275363926028,-21.3937015165913
2002-07-03,17.804974926072422,-0.8496752452703815,-22.324193138727033,-23.626347471615713
2002-07-04,19.44537328525832,-0.4920231399403119,-22.83246681576695,-23.62124933994954
2002-07-05,20.490429572877293,-1.646189887890852,-25.21139620510434,-23.97005265135564
2002-07-06,20.680118048134716,-3.2391626541427607,-24.131942905672787,-23.380076637994353
2002-07-07,21.46451201110801,-3.723605299333679,-25.488798054213724,-24.695521633476275
2002-07-08,22.312350763291228,-3.73040832676829,-25.409905578139597,-23.78625378250519
2002-07-09,22.078014241137687,-3.299351942251042,-25.238464119679982,-23.03497218554278
2002-07-10,20.06744978308686,-1.8577342568154096,-26.57843137542587,-23.96557639676764
2002-07-11,19.463191342501652,-2.747153702357155,-26.362809824720156,-22.187359427217473
2002-07-12,18.596723501940126,-1.793297594322234,-26.974154942872257,-22.2250604907566
2002-07-13,16.56234660794999,-1.331859378311918,-27.613071697491,-21.912662322802046
2002-07-14,16.104125968089615,-2.3269843554748357,-27.555794525593537,-21.487090234397545
2002-07-15,16.52182005722153,-2.3239184687756937,-29.04167876592694,-20.22201661523197
2002-07-16,15.150390213417934,-1.1291048857479644,-27.637426483537638,-19.770727564042126
2002-07-17,15.228361485091392,-1.639346545118875,-27.502053000061466,-20.158863083342187
2002-07-18,16.556017594311914,-2.215560815611157,-28.88789385819238,-20.310905172644038
2002-07-19,13.489628812715921,-1.9374796353434232,-28.712159876593926,-21.630956647960442
2002-07-20,12.914532106747853,-2.4228961204402815,-28.387764647461005,-22.802932562555352
2002-07-21,12.587259661356713,-3.2563408908965394,-27.76748640873062,-24.16165037714066
2002-07-22,13.864158841404109,-4.9770650821717695,-25.494682346017367,-24.753042078162576
2002-07-23,14.13077573087922,-4.8135381146829115,-26.258920923302348,-23.86053221205595
2002-07-24,14.399268330002958,-5.569839283978917,-25.807440052198427,-22.40718992605996
2002-07-25,14.964106662194908,-4.052652674785263,-26.64090003305433,-24.19024368423897
2002-07-26,13.557182803262108,-1.777774234030245,-26.92486715171734,-22.60244583325774
2002-07-27,13.172159816936112,-1.3398951916878088,-25.59568420675564,-22.195968389635816
2002-07-28,12.176953791064609,-0.4858736045744787,-24.92277035026611,-20.607737566172105
2002-07-29,11.573755111930058,-2.6519141990103083,-25.722053464601764,-20.411448147192377
2002-07-30,11.512427118713557,-2.0710310579520104,-25.908336020604327,-20.3915883818436
2002-07-31,12.682716442920597,-3.4630974537948225,-25.772176884049987,-19.021417784172048
2002-08-01,12.153290111842061,-2.708102829837137,-25.34372916071504,-18.762172702582973
2002-08-02,11.962242930800572,-3.038881116108409,-25.782851613534476,-18.0080146908993
2002-08-03,11.164238364129249,-1.0960695481977183,-25.923992403803705,-16.891903508645306
2002-08-04,13.199483075970244,0.2538294269018364,-26.41385447029937,-17.67182569096205
2002-08-05,14.593557794117283,-0.9713213974890034,-27.25975949536702,-18.87948812770973
2002-08-06,14.99803219661866,-1.500804038130351,-27.079846468659127,-18.78088042243868
2002-08-07,14.566339037749431,-1.6384035777107093,-27.415201204278837,-18.18578959040406
2002-08-08,13.318127523759001,-0.5024297486242417,-27.662294432839115,-19.25818436527832
2002-08-09,12.725559953295672,1.5514791333320923,-27.714588453345947,-18.346285503157073
2002-08-10,13.099823320605804,2.431446610726187,-26.545680743471895,-17.900699230819043
2002-08-11,12.56005720886956,2.55090163474106,-28.29715456436602,-17.047602879615866
2002-08-12,12.947315713378504,2.2109614287415096,-27.71279705228716,-16.961941271587406
2002-08-13,13.032913249083405,1.3637218171501997,-30.94014141075056,-16.840625189061242
2002-08-14,12.714059609777234,1.3418468845976181,-28.96933131997574,-16.443310331774395
2002-08-15,10.406127070864944,1.355029012378162,-29.240436577171028,-18.382408979932364
2002-08-16,9.822530471361747,2.17395991911439,-27.452175196491932,-17.984815726800186
2002-08-17,8.816827525884147,1.642225631255109,-25.448745804612937,-20.526029819312804
2002-08-18,9.741538374633627,2.0112158417163135,-23.88430038400634,-20.865369900198477
2002-08-19,8.105578041203367,2.8201414270616567,-26.14585236857302,-21.360047421757194
2002-08-20,7.951785110852255,1.6743647535735078,-25.549399095434723,-21.561108006255846
2002-08-21,6.294702079556425,1.643825483620567,-24.49986096986038,-23.087051128464342
2002-08-22,6.666087063055053,1.1843746483033335,-23.372881843828758,-23.296536392235943
2002-08-23,5.137836784382991,0.7068520998852896,-24.038947240409556,-23.172926066532945
2002-08-24,4.534961049351577,-0.5256153661101299,-23.76726126162608,-23.617524310217192
2002-08-25,5.213807541577081,-0.08347026443628353,-23.483810584197133,-20.650267117817943
2002-08-26,5.335907693201702,0.6021579595397011,-23.751474827901006,-20.297914513911778
2002-08-27,6.382237157207112,0.8149657015179459,-25.184955006316972,-20.45741354510588
2002-08-28,5.7233976887556555,0.39063319773773447,-24.773162360944976,-23.08215326578656
2002-08-29,6.347399397227602,-1.4414529770647377,-23.94573285763397,-22.220134021596383
2002-08-30,5.6566561367740595,-1.4260132289292597,-23.712298932469306,-22.777358278368794
2002-08-31,5.0720192812287594,-2.662140393439061,-21.87986307724868,-21.20918113036128
2002-09-01,4.090174244077149,-1.8165768950608712,-23.776064163385737,-20.954904912509075
2002-09-02,4.348209088218465,-1.6686409283910442,-23.058212514382497,-21.38734575975671
2002-09-03,5.7293241418311975,-1.7611132761377586,-23.473904965504065,-20.569884923519925
2002-09-04,5.5256859489573795,-3.0229458489160255,-23.86077507342763,-22.42025577737623
2002-09-05,7.131344131693849,-3.614358459834961,-24.117351794791965,-21.454450210579452
2002-09-06,8.616012745390238,-2.8013189009742994,-22.590046125096862,-21.296420071452133
2002-09-07,8.246110756660775,-1.9321113853478282,-22.95446450345915,-21.737720760470552
2002-09-08,8.896547175056496,-1.324418056371233,-25.287668945632017,-20.423431524939417
2002-09-09,8.153307817274042,-0.854152130394918,-25.029273987845237,-22.769265787057655
2002-09-10,7.455397015801655,-0.004118637322184537,-23.715446978231192,-21.58209917715427
2002-09-11,5.544663663938883,-1.2520316220512644,-23.14777111814727,-19.780522727508714
2002-09-12,4.640490714992177,-1.22207591989075,-23.181755486174318,-19.423706838576432
2002-09-13,3.253795555400696,-0.6336000377306622,-23.094428204769034,-21.54402344055137
2002-09-14,4.470962713633961,-2.5683874135927,-23.051050747105155,-21.67509239563265
2002-09-15,4.106151763325114,-2.1358541429741806,-22.883764818607293,-21.504379662522457
2002-09-16,4.720246330904279,-1.170095966916379,-23.550580136651025,-21.397977949777676
2002-09-17,5.31269849686383,-1.4239709619429948,-23.673537007678,-20.66985346804595
2002-09-18,4.724338165259452,-0.4539357192634609,-23.62570982048172,-20.062222828487897
2002-09-19,5.927322196789044,-0.6358379558614489,-24.60923256018802,-22.103394831875015
2002-09-20,4.213940074848665,-1.5860748122121322,-25.674522921989745,-21.36683630080332
2002-09-21,5.748277328958587,-1.9473219564111846,-24.992268957734186,-22.166390966862316
2002-09-22,7.146997347765299,-1.0625414165113858,-24.641679057464646,-21.538105107653042
2002-09-23,7.720351759638072,-2.614436727658123,-25.08705297776215,-22.298650030513993
2002-09-24,10.481010893285985,-3.9407093736040877,-24.44281834249995,-23.838061316394782
2002-09-25,9.698367072914303,-4.281497144984893,-25.887123242517426,-23.850730041546665
2002-09-26,9.5715720288199,-4.233942843884054,-25.50270321426657,-24.233385895881234
